{
  "n": 16000,
  "nq": 2000,
  "dim": 1024,
  "kloc": 100,
  "real": {
    "id_twonn_trimmed": 59.4444694519043,
    "id_twonn_untrimmed": 42.192352294921875,
    "r1_q_01_10_50_90": [
      0.8060024380683899,
      0.881097674369812,
      0.9682743549346924,
      1.0287823677062988
    ],
    "mu_q_50_90_99": [
      1.01528000831604,
      1.057472825050354,
      1.124578833580017
    ],
    "mean_log_mu": 0.023700976744294167,
    "base_nn_q_01_10_50": [
      0.3753810524940491,
      0.6712558269500732,
      0.8598402738571167
    ],
    "local_partic_ratio": 50.50092315673828,
    "local_spec_top20": [
      0.06545769423246384,
      0.04636634886264801,
      0.03849329054355621,
      0.03357188403606415,
      0.030055535957217216,
      0.027476033195853233,
      0.025447288528084755,
      0.023784203454852104,
      0.02239185944199562,
      0.021244395524263382,
      0.02022605948150158,
      0.019315466284751892,
      0.01849677599966526,
      0.01778477616608143,
      0.01711639203131199,
      0.01649574749171734,
      0.015921344980597496,
      0.015422027558088303,
      0.014941960573196411,
      0.014474522322416306
    ]
  },
  "gaussian_null": {
    "id_twonn_trimmed": 309.2008056640625,
    "id_twonn_untrimmed": 236.8432159423828,
    "r1_q_01_10_50_90": [
      1.303705096244812,
      1.3142169713974,
      1.3248847723007202,
      1.3320811986923218
    ],
    "mu_q_50_90_99": [
      1.0031359195709229,
      1.0093783140182495,
      1.017106056213379
    ],
    "mean_log_mu": 0.004222202114760876,
    "base_nn_q_01_10_50": [
      1.3039453029632568,
      1.3151068687438965,
      1.324845552444458
    ],
    "local_partic_ratio": 90.35008239746094,
    "local_spec_top20": [
      0.01699833944439888,
      0.016573503613471985,
      0.016244838014245033,
      0.01597699522972107,
      0.01573406159877777,
      0.015498774126172066,
      0.015288767404854298,
      0.015084739774465561,
      0.014896764419972897,
      0.014712580479681492,
      0.01454172469675541,
      0.01437675952911377,
      0.01421887893229723,
      0.014059764333069324,
      0.013907300308346748,
      0.013750175945460796,
      0.013602256774902344,
      0.013455547392368317,
      0.013312551192939281,
      0.013172215782105923
    ]
  }
}