{
 "params": {
  "local_dim": 93.15979760016579,
  "log2_clusters": 6.323262327058515,
  "n_levels": 2.9624839351579957,
  "level_decay": 0.3583120511459201,
  "branch_tail": 1.0814563547833536,
  "within_scale": 0.5529670556986113,
  "size_tail": 0.15787605182809414,
  "noise": 0.04023716392232566,
  "spectrum_decay": 0.5095319947411845,
  "reshape_mix": 0.9563312073493949,
  "query_tail": 2.3517230297419927,
  "equalize": 0.21817450628695376,
  "dup_mass": 0.0,
  "dup_scale": 0.12,
  "dup_tail": 2.0,
  "query_tail_n": 0.0,
  "q_anchor": 0.5056542606031726,
  "anchor_tail": 1.011308521206345,
  "q_jit": 1.105895515037953,
  "log2_knee": 7.496614704806321,
  "spectrum_decay2": 1.612084413934583,
  "cloud_mass": 0.20142817008806238,
  "cloud_grade": 0.705293472158566,
  "cloud_span": 0.9065011446257478
 },
 "score": 0.19416913441588013,
 "evals": 160
}