{
 "shards": [
  {
   "shard": 0,
   "family": "hier_q",
   "best_score": 0.2450015809123532,
   "params": {
    "local_dim": 93.69715965226524,
    "log2_clusters": 6.281211232664926,
    "n_levels": 2.9624839351579957,
    "level_decay": 0.3583120511459201,
    "branch_tail": 1.0814563547833536,
    "within_scale": 0.5496126709750907,
    "size_tail": 0.15691675381713233,
    "noise": 0.04023716392232566,
    "spectrum_decay": 0.54,
    "reshape_mix": 0.9563312073493949,
    "query_tail": 2.3517230297419927,
    "equalize": 0.217048309017571
   },
   "ratios": {
    "g1_id_twonn": 1.0524958524952968,
    "g3_eff_rank": 1.8343761533928689,
    "g6_hubness_skew": 1.3605014774803015,
    "g8_pca_retention": 0.8426565525217521
   },
   "gates": {
    "g1_id_twonn": 60.691307067871094,
    "g3_eff_rank": 344.75506591796875,
    "g6_hubness_skew": 9.29075115911493,
    "g8_pca_retention": 0.5229697263520793
   },
   "bb_skew": 1.6837091182901598,
   "bb_skew_target": 1.1426
  },
  {
   "shard": 1,
   "family": "hier_q",
   "best_score": 0.26199785232215334,
   "params": {
    "local_dim": 93.69715965226524,
    "log2_clusters": 6.281211232664926,
    "n_levels": 2.9624839351579957,
    "level_decay": 0.3583120511459201,
    "branch_tail": 1.0814563547833536,
    "within_scale": 0.5496126709750907,
    "size_tail": 0.15691675381713233,
    "noise": 0.04023716392232566,
    "spectrum_decay": 0.47247984850570246,
    "reshape_mix": 0.9563312073493949,
    "query_tail": 2.3517230297419927,
    "equalize": 0.217048309017571
   },
   "ratios": {
    "g1_id_twonn": 1.070320894281266,
    "g3_eff_rank": 2.5042488699692993,
    "g6_hubness_skew": 1.3551147322154506,
    "g8_pca_retention": 0.7909504080065437
   },
   "gates": {
    "g1_id_twonn": 61.719173431396484,
    "g3_eff_rank": 470.6518249511719,
    "g6_hubness_skew": 9.253965524816348,
    "g8_pca_retention": 0.49087984564455156
   },
   "bb_skew": 1.6225813967144915,
   "bb_skew_target": 1.1426
  },
  {
   "shard": 10,
   "family": "hier_q",
   "best_score": 0.31251593813304135,
   "params": {
    "local_dim": 100.27054571088682,
    "log2_clusters": 11.907408376701806,
    "n_levels": 4.276733423251292,
    "level_decay": 0.35622619110237586,
    "branch_tail": 0.08560451067536545,
    "within_scale": 0.406035877378269,
    "size_tail": 0.6192951938640314,
    "noise": 0.08192777624145325,
    "spectrum_decay": 0.3798881490794661,
    "reshape_mix": 0.991582834264586,
    "query_tail": 1.2442408206680726,
    "equalize": 1.9622689966668527
   },
   "ratios": {
    "g1_id_twonn": 1.134347134004458,
    "g3_eff_rank": 3.885735088685306,
    "g6_hubness_skew": 0.9247475249921286,
    "g8_pca_retention": 0.6594437665298877
   },
   "gates": {
    "g1_id_twonn": 65.41119384765625,
    "g3_eff_rank": 730.2901611328125,
    "g6_hubness_skew": 6.315023748170592,
    "g8_pca_retention": 0.4092641599886182
   },
   "bb_skew": 0.7935206638388558,
   "bb_skew_target": 1.1426
  },
  {
   "shard": 7,
   "family": "hier_q",
   "best_score": 0.38156972107092263,
   "params": {
    "local_dim": 91.98933857587957,
    "log2_clusters": 11.76260280420247,
    "n_levels": 3.9651374216093687,
    "level_decay": 0.3007995036128398,
    "branch_tail": 0.3870070046153328,
    "within_scale": 0.27829645811654824,
    "size_tail": 0.46650880189193444,
    "noise": 0.07128499652157275,
    "spectrum_decay": 0.38317492946318243,
    "reshape_mix": 0.9226492577175734,
    "query_tail": 2.3567170409325153,
    "equalize": 1.9930363075109454
   },
   "ratios": {
    "g1_id_twonn": 1.5227622229169828,
    "g3_eff_rank": 2.9345201666455303,
    "g6_hubness_skew": 1.9490848579696052,
    "g8_pca_retention": 0.5966237230821702
   },
   "gates": {
    "g1_id_twonn": 87.80883026123047,
    "g3_eff_rank": 551.517578125,
    "g6_hubness_skew": 13.31013799186165,
    "g8_pca_retention": 0.37027676846717095
   },
   "bb_skew": 1.037127485194795,
   "bb_skew_target": 1.1426
  },
  {
   "shard": 2,
   "family": "hier_q",
   "best_score": 0.43428953546934856,
   "params": {
    "local_dim": 110.2289272852784,
    "log2_clusters": 12.01820922615984,
    "n_levels": 4.247589772187903,
    "level_decay": 0.2775629698792016,
    "branch_tail": 0.11142403931227585,
    "within_scale": 0.18215426809772414,
    "size_tail": 1.023873235128322,
    "noise": 0.013334291111967135,
    "spectrum_decay": 0.23636147366896443,
    "reshape_mix": 0.727372215471933,
    "query_tail": 1.73938470439051,
    "equalize": 0.7828402576636624
   },
   "ratios": {
    "g1_id_twonn": 1.1542908795647193,
    "g3_eff_rank": 0.9033739923009986,
    "g6_hubness_skew": 0.8687109962782558,
    "g8_pca_retention": 0.5140916589043586
   },
   "gates": {
    "g1_id_twonn": 66.56123352050781,
    "g3_eff_rank": 169.7812957763672,
    "g6_hubness_skew": 5.932354965579189,
    "g8_pca_retention": 0.3190556975704034
   },
   "bb_skew": 3.359421024048261,
   "bb_skew_target": 1.1426
  },
  {
   "shard": 6,
   "family": "hier_q",
   "best_score": 0.45201445167610993,
   "params": {
    "local_dim": 119.23809449678838,
    "log2_clusters": 7.055237291231588,
    "n_levels": 4.666719336305642,
    "level_decay": 0.4055410675666154,
    "branch_tail": 0.472411387522384,
    "within_scale": 0.43205056884427223,
    "size_tail": 1.3904761415437115,
    "noise": 0.03930191593291228,
    "spectrum_decay": 0.38835333354495805,
    "reshape_mix": 0.8388337317039917,
    "query_tail": 0.47553611388830475,
    "equalize": 0.7720186119139312
   },
   "ratios": {
    "g1_id_twonn": 0.9611259170387921,
    "g3_eff_rank": 1.5195535053319327,
    "g6_hubness_skew": 1.2922289240893838,
    "g8_pca_retention": 0.7543622124187029
   },
   "gates": {
    "g1_id_twonn": 55.42253494262695,
    "g3_eff_rank": 285.5868835449219,
    "g6_hubness_skew": 8.82452358417164,
    "g8_pca_retention": 0.4681724702885693
   },
   "bb_skew": 5.143079008299999,
   "bb_skew_target": 1.1426
  },
  {
   "shard": 8,
   "family": "hier_q",
   "best_score": 0.4869470344446927,
   "params": {
    "local_dim": 77.76570677994445,
    "log2_clusters": 6.090384484596349,
    "n_levels": 4.599193419322026,
    "level_decay": 0.7675924149151248,
    "branch_tail": 0.3343963739472041,
    "within_scale": 0.46371642437790217,
    "size_tail": 0.7448430121850427,
    "noise": 0.08961396579884302,
    "spectrum_decay": 0.6099081181992827,
    "reshape_mix": 0.7210076088321522,
    "query_tail": 2.581949106617456,
    "equalize": 1.0730846336674962
   },
   "ratios": {
    "g1_id_twonn": 1.5890799598156111,
    "g3_eff_rank": 0.29316618226534197,
    "g6_hubness_skew": 1.4362384448014756,
    "g8_pca_retention": 0.8828493442955491
   },
   "gates": {
    "g1_id_twonn": 91.63298797607422,
    "g3_eff_rank": 55.09803771972656,
    "g6_hubness_skew": 9.807952594449082,
    "g8_pca_retention": 0.5479141871200695
   },
   "bb_skew": 2.5970951607559476,
   "bb_skew_target": 1.1426
  },
  {
   "shard": 4,
   "family": "hier_q",
   "best_score": 0.5001914731539959,
   "params": {
    "local_dim": 64.03177565194105,
    "log2_clusters": 6.682706444375333,
    "n_levels": 3.9568880071890904,
    "level_decay": 0.4428198429324551,
    "branch_tail": 0.9807645982190288,
    "within_scale": 0.5174954720094783,
    "size_tail": 1.0204148042398706,
    "noise": 0.10533219522204372,
    "spectrum_decay": 0.2277486059419753,
    "reshape_mix": 0.7645148257041084,
    "query_tail": 1.4657078186962118,
    "equalize": 0.20619485426265105
   },
   "ratios": {
    "g1_id_twonn": 1.8839620865345648,
    "g3_eff_rank": 2.1803476550391405,
    "g6_hubness_skew": 0.9090612743195433,
    "g8_pca_retention": 0.5923904090518233
   },
   "gates": {
    "g1_id_twonn": 108.63712310791016,
    "g3_eff_rank": 409.77740478515625,
    "g6_hubness_skew": 6.207903650154675,
    "g8_pca_retention": 0.36764948802487496
   },
   "bb_skew": 3.381055076234886,
   "bb_skew_target": 1.1426
  },
  {
   "shard": 11,
   "family": "hier_q",
   "best_score": 0.5655769725481674,