{
 "shards": [
  {
   "shard": 11,
   "family": "hier_coloured",
   "best_score": 0.3548002478551639,
   "params": {
    "local_dim": 75.16057028759155,
    "log2_clusters": 10.758928364116365,
    "n_levels": 4.306002392707525,
    "level_decay": 0.5063159082799275,
    "branch_tail": 0.5813727254625963,
    "within_scale": 0.4731687690337984,
    "size_tail": 1.3482923049279365,
    "noise": 0.012747409078290884,
    "spectrum_decay": 0.41687422159058096,
    "reshape_mix": 0.7895225155402837
   },
   "ratios": {
    "g1_id_twonn": 0.8085910206440484,
    "g3_eff_rank": 0.5834782423725667,
    "g6_hubness_skew": 0.918364928993536,
    "g8_pca_retention": 0.7560432616754631
   },
   "gates": {
    "g1_id_twonn": 46.62673568725586,
    "g3_eff_rank": 109.65966796875,
    "g6_hubness_skew": 6.271437532239455,
    "g8_pca_retention": 0.4692157635106552
   }
  },
  {
   "shard": 0,
   "family": "hier_coloured",
   "best_score": 0.3807467334335009,
   "params": {
    "local_dim": 55.0,
    "log2_clusters": 9.0,
    "n_levels": 3.0,
    "level_decay": 0.6,
    "branch_tail": 1.6,
    "within_scale": 0.15,
    "size_tail": 1.3,
    "noise": 0.02,
    "spectrum_decay": 0.6,
    "reshape_mix": 1.0
   },
   "ratios": {
    "g1_id_twonn": 1.3591227705053572,
    "g3_eff_rank": 1.2762444221048084,
    "g6_hubness_skew": 1.362978626895978,
    "g8_pca_retention": 0.6678897727255756
   },
   "gates": {
    "g1_id_twonn": 78.37269592285156,
    "g3_eff_rank": 239.8590545654297,
    "g6_hubness_skew": 9.30766740594446,
    "g8_pca_retention": 0.41450592252604634
   }
  },
  {
   "shard": 6,
   "family": "hier_coloured",
   "best_score": 0.3899213163974426,
   "params": {
    "local_dim": 23.692460267763558,
    "log2_clusters": 11.11276357783137,
    "n_levels": 4.482970195828168,
    "level_decay": 0.5721766995096575,
    "branch_tail": 1.501486718863419,
    "within_scale": 0.1696396894511786,
    "size_tail": 0.21149820999580682,
    "noise": 0.034256257423628415,
    "spectrum_decay": 0.2212621354833269,
    "reshape_mix": 0.9406980190070102
   },
   "ratios": {
    "g1_id_twonn": 1.0072479290261027,
    "g3_eff_rank": 3.372893000377854,
    "g6_hubness_skew": 1.1853258195316723,
    "g8_pca_retention": 0.5796288092898918
   },
   "gates": {
    "g1_id_twonn": 58.082122802734375,
    "g3_eff_rank": 633.9059448242188,
    "g6_hubness_skew": 8.094491196098085,
    "g8_pca_retention": 0.3597293806984209
   }
  },
  {
   "shard": 3,
   "family": "hier_coloured",
   "best_score": 0.40671874428120364,
   "params": {
    "local_dim": 91.59399242116774,
    "log2_clusters": 12.155153450606194,
    "n_levels": 3.8248803748024804,
    "level_decay": 0.45832813684090257,
    "branch_tail": 1.8094092877226222,
    "within_scale": 0.41012840321900096,
    "size_tail": 1.467741043368059,
    "noise": 0.06788280311134882,
    "spectrum_decay": 0.474771925355692,
    "reshape_mix": 0.8730006567032552
   },
   "ratios": {
    "g1_id_twonn": 1.7140032380901222,
    "g3_eff_rank": 1.5202067529533758,
    "g6_hubness_skew": 0.99764254790903,
    "g8_pca_retention": 0.5310459113479831
   },
   "gates": {
    "g1_id_twonn": 98.83658599853516,
    "g3_eff_rank": 285.70965576171875,
    "g6_hubness_skew": 6.812817782112548,
    "g8_pca_retention": 0.329577850082494
   }
  },
  {
   "shard": 8,
   "family": "hier_coloured",
   "best_score": 0.43386496014568227,
   "params": {
    "local_dim": 29.16468552803327,
    "log2_clusters": 5.797191420401464,
    "n_levels": 2.6780680621884185,
    "level_decay": 0.8342746210405243,
    "branch_tail": 1.3548398355693991,
    "within_scale": 0.5333103766596454,
    "size_tail": 1.0347725638151424,
    "noise": 0.0645035957552907,
    "spectrum_decay": 0.4728203877713719,
    "reshape_mix": 0.8051757080079358
   },
   "ratios": {
    "g1_id_twonn": 1.3200031912533197,
    "g3_eff_rank": 0.704537951933121,
    "g6_hubness_skew": 0.42643802732638636,
    "g8_pca_retention": 0.8090332111438412
   },
   "gates": {
    "g1_id_twonn": 76.11689758300781,
    "g3_eff_rank": 132.4117889404297,
    "g6_hubness_skew": 2.912109734721455,
    "g8_pca_retention": 0.5021023995784057
   }
  },
  {
   "shard": 1,
   "family": "hier_coloured",
   "best_score": 0.451432394987996,
   "params": {
    "local_dim": 31.454882782484766,
    "log2_clusters": 4.566755208100444,
    "n_levels": 1.9418020652781856,
    "level_decay": 0.519227862520304,
    "branch_tail": 0.9292259029076874,
    "within_scale": 0.5059800644980287,
    "size_tail": 0.28078450114872283,
    "noise": 0.03239578583982068,
    "spectrum_decay": 0.13834571610078955,
    "reshape_mix": 0.7048635916240727
   },
   "ratios": {
    "g1_id_twonn": 0.9102518219053078,
    "g3_eff_rank": 1.0099218782095072,
    "g6_hubness_skew": 0.25180208672417986,
    "g8_pca_retention": 0.8018184599162603
   },
   "gates": {
    "g1_id_twonn": 52.488922119140625,
    "g3_eff_rank": 189.80604553222656,
    "g6_hubness_skew": 1.7195354564648786,
    "g8_pca_retention": 0.49762477881595535
   }
  },
  {
   "shard": 5,
   "family": "hier_coloured",
   "best_score": 0.48081632362593496,
   "params": {
    "local_dim": 42.511912039333225,
    "log2_clusters": 7.704187964843955,
    "n_levels": 3.3020942003034257,
    "level_decay": 0.3618793892955727,
    "branch_tail": 2.267974473925893,
    "within_scale": 0.5215330491073971,
    "size_tail": 0.12365930104156653,
    "noise": 0.09956590410584845,
    "spectrum_decay": 0.6595324073920001,
    "reshape_mix": 0.7618141159549067
   },
   "ratios": {
    "g1_id_twonn": 1.2590978834925277,
    "g3_eff_rank": 0.29053139250212023,
    "g6_hubness_skew": 1.7054226266245684,
    "g8_pca_retention": 0.5718963105146089
   },
   "gates": {
    "g1_id_twonn": 72.60484313964844,
    "g3_eff_rank": 54.60285186767578,
    "g6_hubness_skew": 11.646188929127753,
    "g8_pca_retention": 0.35493043531975416
   }
  },
  {
   "shard": 4,
   "family": "hier_coloured",
   "best_score": 0.4988521845508059,
   "params": {
    "local_dim": 8.098610706960082,
    "log2_clusters": 5.171361809148683,
    "n_levels": 1.5539094611943653,
    "level_decay": 0.4854909777104281,
    "branch_tail": 1.8620214145739629,
    "within_scale": 0.5055138053912713,
    "size_tail": 0.31373085014893276,
    "noise": 0.11209533348768844,
    "spectrum_decay": 0.4839494049199282,
    "reshape_mix": 0.8249869948303966
   },
   "ratios": {
    "g1_id_twonn": 2.6866939422682163,
    "g3_eff_rank": 1.0403707192430056,
    "g6_hubness_skew": 0.7831638729340603,
    "g8_pca_retention": 0.4780357471416666
   },
   "gates": {
    "g1_id_twonn": 154.92599487304688,
    "g3_eff_rank": 195.5286407470703,
    "g6_hubness_skew": 5.348160792676838,
    "g8_pca_retention": 0.296678668338885
   }
  },
  {
   "shard": 9,
   "family": "hier_coloured",
   "best_score": 0.5549375389213039,
   "params": {
    "local_dim": 107.66247121030743,
    "log2_clusters": 8.069905782334839,
    "n_levels": 2.8786276192415197,
    "level_decay": 0.9088575572244402,
    "branch_tail": 0.6126049011041723,
    "within_scale": 0.4880449501286999,
    "size_tail": 1.1775454339180902,
    "noise": 0.06827296154781302,
    "spectrum_decay": 0.43355724864512946,
    "reshape_mix": 0.6779752391538355
   },
   "ratios": {
    "g1_id_twonn": 1.2383244385305998,
    "g3_eff_rank": 0.3628467810383146,
    "g6_hubness_skew": 0.4347382508744835,
    "g8_pca_retention": 0.6630732392732733
   },
   "gates": {
    "g1_id_twonn": 71.4069595336914,
    "g3_eff_rank": 68.19390106201172,
    "g6_hubness_skew": 2.96879126930767,
    "g8_pca_retention": 0.41151668429609606
   }
  },
  {
   "shard": 10,
   "family": "hier_coloured",
   "best_score": 0.5558714947118749,
   "params": {
    "local_dim": 47.293579819531296,
    "log2_clusters": 5.13574834596709,
    "n_levels": 4.422092367337056,
    "level_decay": 0.8563809708138095,
    "branch_tail": 1.0749890868973169,
    "within_scale": 0.5232789407117192,
    "size_tail": 1.3043552934565628,