{
 "shards": [
  {
   "shard": 4,
   "family": "hier",
   "best_score": 0.6973806553297647,
   "params": {
    "local_dim": 103.88022720419039,
    "log2_clusters": 4.16153956422996,
    "n_levels": 3.549109396702343,
    "level_decay": 0.20817033205992305,
    "branch_tail": 1.0786082511603952,
    "within_scale": 0.48252876552764506,
    "size_tail": 2.469286547694597,
    "noise": 0.01185718578688606
   },
   "ratios": {
    "g1_id_twonn": 1.1807934974641312,
    "g3_eff_rank": 0.010068652906951915,
    "g6_hubness_skew": 0.9174251633212344,
    "g8_pca_retention": 0.6919618603590253
   },
   "gates": {
    "g1_id_twonn": 68.08948516845703,
    "g3_eff_rank": 1.8923158645629883,
    "g6_hubness_skew": 6.265019950815432,
    "g8_pca_retention": 0.4294455477443093
   }
  },
  {
   "shard": 10,
   "family": "hier",
   "best_score": 0.7401149527930608,
   "params": {
    "local_dim": 48.27556102342693,
    "log2_clusters": 7.982809269554812,
    "n_levels": 4.146127461864256,
    "level_decay": 0.23528275707993984,
    "branch_tail": 2.304314804548252,
    "within_scale": 0.529111605632321,
    "size_tail": 2.368265659933048,
    "noise": 0.17536771444995988
   },
   "ratios": {
    "g1_id_twonn": 2.8662429567835237,
    "g3_eff_rank": 0.04704245508739927,
    "g6_hubness_skew": 1.2607244422830237,
    "g8_pca_retention": 0.28327017633153506
   },
   "gates": {
    "g1_id_twonn": 165.279541015625,
    "g3_eff_rank": 8.84122085571289,
    "g6_hubness_skew": 8.609382104574097,
    "g8_pca_retention": 0.17580320969020657
   }
  },
  {
   "shard": 0,
   "family": "hier",
   "best_score": 0.7541700159786622,
   "params": {
    "local_dim": 70.57294237966528,
    "log2_clusters": 4.0259977043019655,
    "n_levels": 2.191030277143893,
    "level_decay": 0.24034933162773037,
    "branch_tail": 1.7030062615265629,
    "within_scale": 0.5655237267891416,
    "size_tail": 1.810684291913266,
    "noise": 0.17127561799651403
   },
   "ratios": {
    "g1_id_twonn": 2.4567945712705965,
    "g3_eff_rank": 0.0320482945130285,
    "g6_hubness_skew": 0.6686641066925325,
    "g8_pca_retention": 0.4887442498158941
   },
   "gates": {
    "g1_id_twonn": 141.66903686523438,
    "g3_eff_rank": 6.02319860458374,
    "g6_hubness_skew": 4.5662514353293995,
    "g8_pca_retention": 0.30332458202272444
   }
  },
  {
   "shard": 1,
   "family": "hier",
   "best_score": 0.7960957653363095,
   "params": {
    "local_dim": 42.69110037522033,
    "log2_clusters": 11.54106996634872,
    "n_levels": 1.4492552018379565,
    "level_decay": 0.32148419689932756,
    "branch_tail": 0.08216939164454906,
    "within_scale": 0.4288208831419622,
    "size_tail": 0.7289593762338181,
    "noise": 0.06845192912281446
   },
   "ratios": {
    "g1_id_twonn": 0.5763306911114201,
    "g3_eff_rank": 1.1256730374682895,
    "g6_hubness_skew": 0.2356869853303261,
    "g8_pca_retention": 0.8420296301340309
   },
   "gates": {
    "g1_id_twonn": 33.23363494873047,
    "g3_eff_rank": 211.5604705810547,
    "g6_hubness_skew": 1.6094867726284663,
    "g8_pca_retention": 0.5225806456185712
   }
  },
  {
   "shard": 7,
   "family": "hier",
   "best_score": 0.7984840344923276,
   "params": {
    "local_dim": 119.45360123994993,
    "log2_clusters": 5.965922616314017,
    "n_levels": 3.0778717917205305,
    "level_decay": 0.3817613209452509,
    "branch_tail": 1.6271035433230754,
    "within_scale": 0.5841013732341015,
    "size_tail": 1.3049709128731974,
    "noise": 0.10624058634013554
   },
   "ratios": {
    "g1_id_twonn": 1.5789438936121878,
    "g3_eff_rank": 0.01713389970724829,
    "g6_hubness_skew": 0.7083090350898027,
    "g8_pca_retention": 0.44713014630258746
   },
   "gates": {
    "g1_id_twonn": 91.04850006103516,
    "g3_eff_rank": 3.220167636871338,
    "g6_hubness_skew": 4.836983345993788,
    "g8_pca_retention": 0.2774980263974072
   }
  },
  {
   "shard": 6,
   "family": "hier",
   "best_score": 0.8168850666529172,
   "params": {
    "local_dim": 85.44877436251011,
    "log2_clusters": 8.60151803959835,
    "n_levels": 3.848942585483615,
    "level_decay": 0.441307624986369,
    "branch_tail": 1.792770188082772,
    "within_scale": 0.3978977259619274,
    "size_tail": 2.364561708234306,
    "noise": 0.03601672382959136
   },
   "ratios": {
    "g1_id_twonn": 1.117346962401823,
    "g3_eff_rank": 0.0203462561506844,
    "g6_hubness_skew": 0.9357117287485546,
    "g8_pca_retention": 1.0781438061129796
   },
   "gates": {
    "g1_id_twonn": 64.43089294433594,
    "g3_eff_rank": 3.823902130126953,
    "g6_hubness_skew": 6.389897381492509,
    "g8_pca_retention": 0.6691178862417253
   }
  },
  {
   "shard": 3,
   "family": "hier",
   "best_score": 0.8240903997300689,
   "params": {
    "local_dim": 53.68368514001941,
    "log2_clusters": 6.693646327025856,
    "n_levels": 3.370538905194511,
    "level_decay": 0.2727626974999348,
    "branch_tail": 1.535541349494415,
    "within_scale": 0.5433386088139119,
    "size_tail": 2.4426337622741108,
    "noise": 0.036386289519916806
   },
   "ratios": {
    "g1_id_twonn": 0.9219513640821793,
    "g3_eff_rank": 0.015158886946349096,
    "g6_hubness_skew": 0.6950765811210767,
    "g8_pca_retention": 0.9935522131811327
   },
   "gates": {
    "g1_id_twonn": 53.16356658935547,
    "g3_eff_rank": 2.8489811420440674,
    "g6_hubness_skew": 4.746620021085414,
    "g8_pca_retention": 0.6166186300799305
   }
  },
  {
   "shard": 11,
   "family": "hier",
   "best_score": 0.937210262182616,
   "params": {
    "local_dim": 57.61592015872891,
    "log2_clusters": 4.950946616094793,
    "n_levels": 2.17898278415675,
    "level_decay": 0.8138172837982869,
    "branch_tail": 2.9756122917399814,
    "within_scale": 0.5393110458521755,
    "size_tail": 1.1230641310977674,
    "noise": 0.09900499898934872
   },
   "ratios": {
    "g1_id_twonn": 1.417352294388091,
    "g3_eff_rank": 0.013678530287437072,
    "g6_hubness_skew": 1.6299210689220607,
    "g8_pca_retention": 0.5203446461498996
   },
   "gates": {
    "g1_id_twonn": 81.73045349121094,
    "g3_eff_rank": 2.57076096534729,
    "g6_hubness_skew": 11.130595086452404,
    "g8_pca_retention": 0.3229364281229606
   }
  },
  {
   "shard": 8,
   "family": "hier",
   "best_score": 0.948970764579814,
   "params": {
    "local_dim": 60.67055712722407,
    "log2_clusters": 8.799480256439775,
    "n_levels": 1.0287882634917742,
    "level_decay": 0.8213575543582432,
    "branch_tail": 0.27885294423200646,
    "within_scale": 0.5433916198162249,
    "size_tail": 2.1502879442363794,
    "noise": 0.048245447068637454
   },
   "ratios": {
    "g1_id_twonn": 1.034112672146749,
    "g3_eff_rank": 0.018358217611104462,
    "g6_hubness_skew": 1.1224231992542881,
    "g8_pca_retention": 1.3259178182108686
   },
   "gates": {
    "g1_id_twonn": 59.631256103515625,
    "g3_eff_rank": 3.4502675533294678,
    "g6_hubness_skew": 7.664934446673729,
    "g8_pca_retention": 0.8228914573558537
   }
  },
  {
   "shard": 2,
   "family": "hier",
   "best_score": 1.0047335875525911,
   "params": {
    "local_dim": 81.82010914775347,
    "log2_clusters": 7.260160909843726,
    "n_levels": 3.3613116901414073,
    "level_decay": 0.8984677772158529,
    "branch_tail": 0.8223344516811366,
    "within_scale": 0.5728315528631618,
    "size_tail": 1.8526539140760483,
    "noise": 0.01567987539142526
   },
   "ratios": {
    "g1_id_twonn": 0.9592977602085375,
    "g3_eff_rank": 0.026706200420851898,
    "g6_hubness_skew": 1.1400413512124394,
    "g8_pca_retention": 1.2779014019371842
   },
   "gates": {
    "g1_id_twonn": 55.317115783691406,
    "g3_eff_rank": 5.019198417663574,
    "g6_hubness_skew": 7.7852473374982285,
    "g8_pca_retention": 0.7930914967385556
   }
  },
  {
   "shard": 9,
   "family": "hier",
   "best_score": 1.0143139473503715,
   "params": {
    "local_dim": 60.84458531210664,
    "log2_clusters": 4.5594903347762,
    "n_levels": 1.3509729983968817,
    "level_decay": 0.21059886465490574,
    "branch_tail": 1.9604362502838324,