{
 "params": {
  "local_dim": 93.15979760016579,
  "log2_clusters": 6.323262327058515,
  "n_levels": 2.9624839351579957,
  "level_decay": 0.3583120511459201,
  "branch_tail": 1.0814563547833536,
  "within_scale": 0.5529670556986113,
  "size_tail": 0.15787605182809414,
  "noise": 0.04023716392232566,
  "spectrum_decay": 0.5095319947411845,
  "reshape_mix": 0.9563312073493949,
  "query_tail": 2.3517230297419927,
  "equalize": 0.21817450628695376,
  "dup_mass": 0.0,
  "dup_scale": 0.12,
  "dup_tail": 2.0,
  "query_tail_n": 0.0,
  "q_anchor": 0.5056542606031726,
  "anchor_tail": 1.011308521206345,
  "q_jit": 1.105895515037953,
  "log2_knee": 7.496614704806321,
  "spectrum_decay2": 1.612084413934583,
  "cloud_mass": 0.20142817008806238,
  "cloud_grade": 0.705293472158566,
  "cloud_span": 0.9065011446257478
 },
 "seeds": {
  "0": {
   "A@25000": {
    "g1_id_twonn": 0.6206015877107809,
    "g2_id_ballgrowth": 0.7377609302594682,
    "g3_eff_rank": 0.9263309568617432,
    "g4_dims90": 1.5263157894736843,
    "g5_relative_contrast": 1.1429397220420212,
    "g6_hubness_skew": 1.3723654416957207,
    "g7_local_id_iqr": 1.3149260463095107,
    "g8_pca_retention": 0.8769509431214505
   },
   "B@25000": {
    "g1_id_twonn": 1.0273811559259285,
    "g2_id_ballgrowth": 0.4094769032846493,
    "g3_eff_rank": 0.9263309568617432,
    "g4_dims90": 1.5263157894736843,
    "g5_relative_contrast": 1.0182066721861844,
    "g6_hubness_skew": 1.0324725323179826,
    "g7_local_id_iqr": 1.3206530936958831,
    "g8_pca_retention": 1.0623997728885994
   },
   "anatomy@25000": {
    "bb_skew": 2.149141605657051,
    "bb_max": 14.0
   },
   "A@100000": {
    "g1_id_twonn": 0.8877186222862388,
    "g2_id_ballgrowth": 1.100564665769697,
    "g3_eff_rank": 0.9146860427743017,
    "g4_dims90": 1.5234159779614325,
    "g5_relative_contrast": 1.1420915324024197,
    "g6_hubness_skew": 1.1647798580001307,
    "g7_local_id_iqr": 1.9778259569500098,
    "g8_pca_retention": 0.7678030583315473
   },
   "B@100000": {
    "g1_id_twonn": 1.0683714682396668,
    "g2_id_ballgrowth": 0.4132677335079333,
    "g3_eff_rank": 0.9146860427743017,
    "g4_dims90": 1.5234159779614325,
    "g5_relative_contrast": 1.0247603355230919,
    "g6_hubness_skew": 1.0824501546418819,
    "g7_local_id_iqr": 1.701243717425,
    "g8_pca_retention": 1.0593610740130341
   },
   "anatomy@100000": {
    "bb_skew": 2.9479034388471765,
    "bb_max": 7.0
   }
  },
  "1": {
   "A@25000": {
    "g1_id_twonn": 0.5166811538350812,
    "g2_id_ballgrowth": 0.7045705708743468,
    "g3_eff_rank": 0.9661064682140046,
    "g4_dims90": 1.5152354570637119,
    "g5_relative_contrast": 1.1587006860675597,
    "g6_hubness_skew": 1.343398399406804,
    "g7_local_id_iqr": 1.3158915048979751,
    "g8_pca_retention": 0.8905335315406389
   },
   "B@25000": {
    "g1_id_twonn": 0.8728868598091888,
    "g2_id_ballgrowth": 0.3803995047978193,
    "g3_eff_rank": 0.9661064682140046,
    "g4_dims90": 1.5152354570637119,
    "g5_relative_contrast": 1.022528987488189,
    "g6_hubness_skew": 1.298431892053914,
    "g7_local_id_iqr": 1.2703647560421505,
    "g8_pca_retention": 1.0614268385495882
   },
   "anatomy@25000": {
    "bb_skew": 2.007651135639506,
    "bb_max": 13.0
   },
   "A@100000": {
    "g1_id_twonn": 0.8458320289429765,
    "g2_id_ballgrowth": 1.0741288040789965,
    "g3_eff_rank": 0.9526546129773125,
    "g4_dims90": 1.5151515151515151,
    "g5_relative_contrast": 1.1479130828744346,
    "g6_hubness_skew": 1.2004413992785083,
    "g7_local_id_iqr": 1.9942716640317648,
    "g8_pca_retention": 0.7720231613376239
   },
   "B@100000": {
    "g1_id_twonn": 1.0153221328477136,
    "g2_id_ballgrowth": 0.3954482558424038,
    "g3_eff_rank": 0.9526546129773125,
    "g4_dims90": 1.5151515151515151,
    "g5_relative_contrast": 1.0163193471831171,
    "g6_hubness_skew": 0.9566642122778564,
    "g7_local_id_iqr": 1.6921986836258744,
    "g8_pca_retention": 1.119937925242005
   },
   "anatomy@100000": {
    "bb_skew": 2.878261234411897,
    "bb_max": 7.0
   }
  },
  "2": {
   "A@25000": {
    "g1_id_twonn": 0.491576327694188,
    "g2_id_ballgrowth": 0.6721439962052437,
    "g3_eff_rank": 0.9711949459519545,
    "g4_dims90": 1.520775623268698,
    "g5_relative_contrast": 1.161634850438991,
    "g6_hubness_skew": 1.3512614248561845,
    "g7_local_id_iqr": 1.3535954154638232,
    "g8_pca_retention": 0.8847895357309586
   },
   "B@25000": {
    "g1_id_twonn": 0.817500382280508,
    "g2_id_ballgrowth": 0.38932757323817935,
    "g3_eff_rank": 0.9711949459519545,
    "g4_dims90": 1.520775623268698,
    "g5_relative_contrast": 1.005618106970088,
    "g6_hubness_skew": 0.9592028201274577,
    "g7_local_id_iqr": 1.3489248597687251,
    "g8_pca_retention": 1.0525866617829833
   },
   "anatomy@25000": {
    "bb_skew": 1.962166126629385,
    "bb_max": 11.0
   },
   "A@100000": {
    "g1_id_twonn": 0.9018424658344962,
    "g2_id_ballgrowth": 1.0596658917000157,
    "g3_eff_rank": 0.9590923213835317,
    "g4_dims90": 1.5179063360881542,
    "g5_relative_contrast": 1.1508532854234985,
    "g6_hubness_skew": 1.2280182078296868,
    "g7_local_id_iqr": 2.0372484578795462,
    "g8_pca_retention": 0.7773685610520641
   },
   "B@100000": {
    "g1_id_twonn": 1.021942479536394,
    "g2_id_ballgrowth": 0.3691868891414701,
    "g3_eff_rank": 0.9590923213835317,
    "g4_dims90": 1.5179063360881542,
    "g5_relative_contrast": 1.0059411937478364,
    "g6_hubness_skew": 1.0627068461588782,
    "g7_local_id_iqr": 1.671305256963638,
    "g8_pca_retention": 1.1076866646086843
   },
   "anatomy@100000": {
    "bb_skew": 2.9370612108614766,
    "bb_max": 6.0
   }
  }
 }
}